INSERT INTO `users` VALUES 
(2522,'Trent','Green','tgreen@simple.com','111222333','tgreen','{bcrypt}$2a$10$XN1d8/LfkhSLZuFu2Qm.WuBkd50eND.TpNaJjmdbwmEjq8Asq47Yi','1'),
(1857,'Jacob','Sanders','jsanders@simple.com','111222334','jsanders','{bcrypt}$2a$10$L0Cm7EubLSp19ieQG2Q5Q.u5a7SAxJ/xSdLy9uMdl2HH8CWuySSS.','1'),
(2635,'Emma','Carter','ecarter@simple.com','111222335','ecarter','{bcrypt}$2a$10$6Afe/0tUxUM.uK1s.4dz2.q42.w6J3dzLllrHKZMamPDoYqYAogF6','1'),
(1762,'Timmy','James','tjames@simple.com','111222336','tjames','{bcrypt}$2a$10$JbjFBu29RPAeZJrKuWwOWOFvd1pGUr7rsA8veFUyw5EagL1msPGa6','1'),
(2059,'Megan ','Gray','mgray@simple.com','111222337','mgray','{bcrypt}$2a$10$GhR0jdfccuIim7mBCb7kzux/wFhUohoGmXMpfFwyqZYbZStlriWEy','1'),
(3140,'Freya','Johnson','fjohnson@simple.com','111223112','fjohnson','{bcrypt}$2a$10$p0GGPZu2JL1FXIW.L3069OKxrYmRhjo3Lg0E//xYg79fB.A5lWdDK','1'),
(3671,'Luke','Perry','lperry@simple.com','111223113','lperry','{bcrypt}$2a$10$uBsCI98MRnnpuhAmP2Vnoe3r.G.escd4kXmBwlT6evkPdh3KJ8P.y','1'),
(3913,'Sophie','Edwards','sedwards@simple.com','111223114','sedwards','{bcrypt}$2a$10$uZkyDmbDKsUYmvQmjmKAr.1gpDyMnFGvYuddngLywF4z/U1SGNpoq','1'),
(3873,'Chris','Parker','cparker@simple.com','111223115','cparker','{bcrypt}$2a$10$0kmoJgCYcoAhUY19SnG5zO6rTzvRHTbkHBcyuY76sKODL47H7h7kK','1'),
(3856,'Phoebe','King','pking@simple.com','111223116','pking','{bcrypt}$2a$10$tSp5gBcT/9MgesPNMkHUOu7Lm6EtZUNcNDQNxdgtpZHHg/slZVy0i','1'),
(3556,'Raquel','Ayala','rayala@simple.com','111223117','rayala','{bcrypt}$2a$10$VuxmQXi/eouqLiTnSAvM2O8WltFoRf4OG3TBKdQQ05BXme0hRaf56','1'),
(3922,'Skyla','Hill','shill@simple.com','111223118','shill','{bcrypt}$2a$10$Br/2sA6EadxJVWoCl2WG9OsLKQW.wkrGpDnH3JUuB.jnEM3c.5KcG','1'),
(3841,'Harley','Spencer','hspencer@simple.com','111223119','hspencer','{bcrypt}$2a$10$eNE83A.DIzPQ3d8AS33r4.GTa3nHQgH29Y8UxujRq2YmKq9zJqsMq','1'),
(3660,'Curtis','Coleman','ccoleman@simple.com','111223120','ccoleman','{bcrypt}$2a$10$bdIjr51ZFyGB0JDNlPEMzuDRhRsXrLmm2QDcc8GlLw5B/gNckjb5K','1');
    
INSERT INTO `authorities` VALUES 
('tgreen','ROLE_ADJUSTER'),
('jsanders','ROLE_ADJUSTER'),
('ecarter','ROLE_ADJUSTER'),
('tjames','ROLE_ADJUSTER'),
('mgray','ROLE_ADJUSTER'),
('fjohnson','ROLE_CSR'),
('lperry','ROLE_CSR'),
('sedwards','ROLE_CSR'),
('cparker','ROLE_CSR'),
('pking','ROLE_CSR'),
('rayala','ROLE_CSR'),
('shill','ROLE_CSR'),
('hspencer','ROLE_CSR'),
('ccoleman','ROLE_CSR');

INSERT INTO `policyholder` VALUES 
('PH52741','Luka','Church','lchurch@myemail.com','111225461','338 Random Road'),
('PH50061','Sonny','Roman','sroman@myemail.com','111225689','388 Any Road'),
('PH59451','Cale','Luna','cluna@myemail.com','111225908','182 Some Road'),
('PH58837','Drake','Villegas','dvillegas@myemail.com','111225668','306 Random Street'),
('PH56901','Makai','Cross','mcross@myemail.com','111225754','157 Some Street'),
('PH51229','Owen','Stephenson','ostephenson@myemail.com','111225355','438 Random Street'),
('PH51392','Gideon','Bowman','gbowman@myemail.com','111225229','441 Any Street'),
('PH58521','Marlon','Alvarado','malvarado@myemail.com','111225797','245 Random Street'),
('PH57476','Deandre','Hudson','dhudson@myemail.com','111225684','229 Any Street'),
('PH50534','Cristopher','Soto','csoto@myemail.com','111225081','255 Random Road'),
('PH58247','Jacoby','Monroe','jmonroe@myemail.com','111225714','396 Whatever Road'),
('PH51921','Jeremy','Cohen','jcohen@myemail.com','111225620','214 Any Street'),
('PH52353','Terrence','Mcdonald','tmcdonald@myemail.com','111225577','274 Some Street'),
('PH54804','Andres','Phillips','aphillips@myemail.com','111225026','473 Whatever Road'),
('PH52255','Dillon','Rowland','drowland@myemail.com','111225413','465 Some Road'),
('PH54184','River','Blackwell','rblackwell@myemail.com','111225920','139 Random Street'),
('PH54670','William','Walker','wwalker@myemail.com','111225756','380 Whatever Road'),
('PH57261','Deegan','Orozco','dorozco@myemail.com','111225920','110 Whatever Road'),
('PH51701','Sean','Munoz','smunoz@myemail.com','111225388','325 Whatever Street'),
('PH54947','Derrick','Evans','devans@myemail.com','111225077','210 Random Street'),
('PH53724','Dominic','Burch','dburch@myemail.com','111225845','233 Any Road'),
('PH58337','Davon','Pollard','dpollard@myemail.com','111225941','199 Any Road'),
('PH55383','Colten','Calderon','ccalderon@myemail.com','111225211','375 Random Street'),
('PH51001','Cruz','Mckenzie','cmckenzie@myemail.com','111225863','246 Random Street'),
('PH58626','Kamari','Dean','kdean@myemail.com','111225377','307 Whatever Street'),
('PH53836','Graham','Meadows','gmeadows@myemail.com','111225630','431 Some Street'),
('PH57776','Atticus','Hood','ahood@myemail.com','111225164','320 Any Road'),
('PH53457','Carter','Christian','cchristian@myemail.com','111225233','219 Random Road'),
('PH54518','Elisha','Flynn','eflynn@myemail.com','111225772','425 Random Street'),
('PH50736','Israel','Jacobson','ijacobson@myemail.com','111225876','169 Any Street'),
('PH50913','Reginald','Friedman','rfriedman@myemail.com','111225512','332 Some Road'),
('PH51369','Deven','Wiley','dwiley@myemail.com','111225651','266 Any Street'),
('PH59651','Alvin','Chase','achase@myemail.com','111225255','384 Random Road'),
('PH58597','Teagan','Holmes','tholmes@myemail.com','111225315','115 Whatever Road'),
('PH50029','Gilberto','Baird','gbaird@myemail.com','111225466','358 Some Road'),
('PH53688','Alfred','Franco','afranco@myemail.com','111225892','495 Whatever Road'),
('PH57382','Shawn','Shelton','sshelton@myemail.com','111225598','325 Any Street'),
('PH54900','Lance','Bartlett','lbartlett@myemail.com','111225653','106 Whatever Street'),
('PH54868','Gunner','Braun','gbraun@myemail.com','111225406','267 Some Street'),
('PH58724','Semaj','Martin','smartin@myemail.com','111225990','155 Random Street'),
('PH58877','Malakai','Randolph','mrandolph@myemail.com','111225367','429 Any Street'),
('PH56031','Sincere','Dennis','sdennis@myemail.com','111225672','397 Any Street'),
('PH59566','Kamren','Mcneil','kmcneil@myemail.com','111225407','298 Random Road'),
('PH52563','Jeramiah','Frank','jfrank@myemail.com','111225299','242 Whatever Street'),
('PH50173','Lee','Lin','llin@myemail.com','111225483','362 Some Road'),
('PH53465','James','Jacobs','jjacobs@myemail.com','111225145','410 Whatever Street'),
('PH50751','Silas','Montgomery','smontgomery@myemail.com','111225715','218 Some Street'),
('PH55461','Kellen','Cannon','kcannon@myemail.com','111225507','406 Random Street'),
('PH53288','Tommy','Woodard','twoodard@myemail.com','111225444','438 Whatever Street'),
('PH52565','Greyson','Nixon','gnixon@myemail.com','111225911','170 Whatever Street'),
('PH51681','Annabelle','Young','ayoung@myemail.com','111225197','213 Any Road'),
('PH55050','Melanie','Odonnell','modonnell@myemail.com','111225365','287 Some Road'),
('PH51456','Eliza','Serrano','eserrano@myemail.com','111225917','181 Random Road'),
('PH51863','Jayden','Glenn','jglenn@myemail.com','111225927','123 Some Street'),
('PH58529','Zaniyah','Molina','zmolina@myemail.com','111225331','138 Some Road'),
('PH55057','Kaitlyn','Greer','kgreer@myemail.com','111225805','439 Any Street'),
('PH56615','Mikayla','Beasley','mbeasley@myemail.com','111225519','190 Some Street'),
('PH57522','Mya','Cook','mcook@myemail.com','111225414','495 Random Road'),
('PH54626','Marin','Short','mshort@myemail.com','111225141','319 Some Road'),
('PH57271','Lyric','Byrd','lbyrd@myemail.com','111225541','465 Whatever Road'),
('PH59309','Kaylee','Estrada','kestrada@myemail.com','111225987','187 Any Road'),
('PH54327','Kayla','Bean','kbean@myemail.com','111225585','484 Some Road'),
('PH54711','Sharon','Marshall','smarshall@myemail.com','111225242','137 Random Road'),
('PH52697','Ayla','Good','agood@myemail.com','111225398','264 Any Street'),
('PH51102','Raina','Crane','rcrane@myemail.com','111225263','330 Some Street'),
('PH50543','Khloe','Haynes','khaynes@myemail.com','111225744','300 Some Street'),
('PH54604','Melissa','Farrell','mfarrell@myemail.com','111225741','131 Some Road'),
('PH54138','Libby','Taylor','ltaylor@myemail.com','111225437','326 Whatever Road'),
('PH52417','Sabrina','Ramos','sramos@myemail.com','111225502','104 Any Road'),
('PH57639','Lesly','Diaz','ldiaz@myemail.com','111225072','460 Any Street'),
('PH59733','Mollie','Zhang','mzhang@myemail.com','111225830','378 Random Road'),
('PH56417','Serena','Massey','smassey@myemail.com','111225852','454 Some Road'),
('PH55904','Shelby','Frye','sfrye@myemail.com','111225278','225 Whatever Street'),
('PH55666','Amani','Reynolds','areynolds@myemail.com','111225717','186 Any Road'),
('PH57168','Kylee','Fernandez','kfernandez@myemail.com','111225813','229 Whatever Road'),
('PH57429','Alyssa','Mason','amason@myemail.com','111225111','223 Any Street'),
('PH53491','Caitlyn','Conner','cconner@myemail.com','111225829','353 Some Street'),
('PH56559','Jolie','Watson','jwatson@myemail.com','111225444','404 Random Road'),
('PH51317','Melody','Brooks','mbrooks@myemail.com','111225021','325 Random Road'),
('PH53723','Milagros','Boone','mboone@myemail.com','111225581','361 Any Road'),
('PH59224','Bridget','Mcintyre','bmcintyre@myemail.com','111225233','118 Random Street'),
('PH54380','Edith','Swanson','eswanson@myemail.com','111225857','116 Any Road'),
('PH56387','Yaritza','Lester','ylester@myemail.com','111225793','381 Some Street'),
('PH50468','Jazmine','Prince','jprince@myemail.com','111225153','102 Some Road'),
('PH53519','Christina','Campos','ccampos@myemail.com','111225486','327 Whatever Street'),
('PH52519','Regina','Powers','rpowers@myemail.com','111225735','454 Some Road'),
('PH50743','Londyn','Conway','lconway@myemail.com','111225520','178 Whatever Street'),
('PH53698','Cara','Walter','cwalter@myemail.com','111225715','403 Any Road'),
('PH56449','Cierra','Huff','chuff@myemail.com','111225111','464 Whatever Street'),
('PH53416','Janae','Solis','jsolis@myemail.com','111225555','436 Whatever Road'),
('PH54325','Ryan','Suarez','rsuarez@myemail.com','111225928','312 Whatever Road'),
('PH51042','Ashtyn','Cole','acole@myemail.com','111225869','414 Whatever Street'),
('PH53509','Kaila','Villarreal','kvillarreal@myemail.com','111225172','177 Some Street'),
('PH50162','Donna','Rivers','drivers@myemail.com','111225818','296 Any Street'),
('PH58675','Danica','Harrison','dharrison@myemail.com','111225724','200 Random Street'),
('PH51086','Asia','Hodge','ahodge@myemail.com','111225023','383 Any Road'),
('PH55497','Kristen','Bowen','kbowen@myemail.com','111225085','493 Whatever Road'),
('PH57549','Alana','Weber','aweber@myemail.com','111225968','430 Any Road'),
('PH50441','Jimena','Park','jpark@myemail.com','111225547','361 Some Street'),
('PH51917','Leia','Morton','lmorton@myemail.com','111225590','165 Random Road');

INSERT INTO `insured_property` VALUES 
('4009','190 Some Street'),
('4019','157 Some Street'),
('4062','504 Random Road'),
('4103','430 Any Road'),
('4127','264 Any Street'),
('4128','658 Random Street'),
('4164','465 Whatever Road'),
('4172','229 Any Street'),
('4178','137 Random Road'),
('4187','229 Whatever Road'),
('4189','464 Whatever Street'),
('4210','186 Any Road'),
('4258','123 Some Street'),
('4270','690 Any Road'),
('4280','214 Any Street'),
('4293','675 Any Street'),
('4310','495 Random Road'),
('4321','438 Random Street'),
('4340','182 Some Road'),
('4355','361 Any Road'),
('4361','672 Whatever Road'),
('4376','325 Any Street'),
('4380','213 Any Road'),
('4384','325 Random Road'),
('4391','307 Whatever Street'),
('4412','131 Some Road'),
('4419','178 Whatever Street'),
('4446','298 Random Road'),
('4516','593 Whatever Street'),
('4537','169 Any Street'),
('4552','568 Some Street'),
('4570','255 Random Road'),
('4575','587 Any Road'),
('4577','358 Some Road'),
('4593','577 Whatever Street'),
('4602','639 Whatever Street'),
('4610','569 Whatever Street'),
('4614','505 Some Street'),
('4635','441 Any Street'),
('4649','406 Random Street'),
('4660','495 Whatever Road'),
('4664','110 Whatever Road'),
('4677','465 Some Road'),
('4684','628 Some Street'),
('4693','242 Whatever Street'),
('4739','187 Any Road'),
('4774','274 Some Street'),
('4783','381 Some Street'),
('4809','104 Any Road'),
('4819','266 Any Street'),
('4850','473 Whatever Road'),
('4866','601 Whatever Street'),
('4870','537 Random Street'),
('4873','353 Some Street'),
('4881','414 Whatever Street'),
('4923','580 Random Road'),
('4927','225 Whatever Street'),
('4938','181 Random Road'),
('4940','320 Any Road'),
('4957','380 Whatever Road'),
('4968','139 Random Street'),
('4973','396 Whatever Road'),
('4982','547 Whatever Road'),
('5008','116 Any Road'),
('5015','115 Whatever Road'),
('5027','454 Some Road'),
('5031','601 Any Street'),
('5040','640 Random Street'),
('5057','436 Whatever Road'),
('5068','677 Any Street'),
('5109','199 Any Road'),
('5111','538 Whatever Road'),
('5117','616 Any Street'),
('5134','177 Some Street'),
('5135','338 Random Road'),
('5142','439 Any Street'),
('5144','410 Whatever Street'),
('5157','267 Some Street'),
('5163','431 Some Street'),
('5194','361 Some Street'),
('5215','362 Some Road'),
('5220','511 Any Street'),
('5229','219 Random Road'),
('5267','102 Some Road'),
('5289','636 Any Street'),
('5291','170 Whatever Street'),
('5297','233 Any Road'),
('5328','388 Any Road'),
('5334','312 Whatever Road'),
('5361','454 Some Road'),
('5365','484 Some Road'),
('5370','327 Whatever Street'),
('5394','375 Random Street'),
('5397','403 Any Road'),
('5399','624 Any Road'),
('5413','566 Random Street'),
('5434','566 Any Street'),
('5440','397 Any Street'),
('5443','640 Random Road'),
('5445','659 Any Street'),
('5448','378 Random Road'),
('5480','287 Some Road'),
('5484','404 Random Road'),
('5485','223 Any Street'),
('5521','210 Random Street'),
('5522','325 Whatever Street'),
('5537','429 Any Street'),
('5539','296 Any Street'),
('5545','425 Random Street'),
('5550','319 Some Road'),
('5597','330 Some Street'),
('5603','326 Whatever Road'),
('5612','384 Random Road'),
('5654','590 Some Street'),
('5673','245 Random Street'),
('5694','306 Random Street'),
('5712','516 Any Street'),
('5725','438 Whatever Street'),
('5733','200 Random Street'),
('5738','155 Random Street'),
('5744','218 Some Street'),
('5748','662 Random Road'),
('5753','676 Whatever Road'),
('5844','667 Any Road'),
('5845','118 Random Street'),
('5878','300 Some Street'),
('5908','138 Some Road'),
('5914','332 Some Road'),
('5915','383 Any Road'),
('5930','106 Whatever Street'),
('5966','165 Random Road'),
('5977','246 Random Street'),
('5991','493 Whatever Road'),
('6000','460 Any Street');

INSERT INTO `policy` VALUES
('PO70089','PH53491','4873','2018-08-01',NULL,'A',1),
('PO70145','PH55461','4649','2013-03-01',NULL,'A',1),
('PO70298','PH50743','4419','2018-06-01',NULL,'A',1),
('PO70395','PH55904','4927','2019-10-01',NULL,'B',1),
('PO70450','PH55057','5142','2017-07-01',NULL,'B',1),
('PO70497','PH54604','4412','2020-07-01',NULL,'B',1),
('PO70528','PH58521','5673','2014-10-01',NULL,'A',1),
('PO70583','PH57549','5215','2013-12-01',NULL,'A',1),
('PO70647','PH50913','5914','2018-10-01',NULL,'A',1),
('PO70664','PH54138','5603','2022-04-01',NULL,'B',1),
('PO70725','PH58626','4391','2016-09-01',NULL,'B',1),
('PO70739','PH55383','5394','2020-11-01',NULL,'A',1),
('PO70850','PH59224','4552','2022-05-01',NULL,'B',1),
('PO70867','PH51456','4938','2017-10-01',NULL,'C',1),
('PO70931','PH51001','5977','2022-04-01',NULL,'C',1),
('PO70951','PH53416','5057','2016-04-01',NULL,'B',1),
('PO71033','PH57261','4664','2015-12-01',NULL,'C',1),
('PO71041','PH54380','5008','2021-03-01',NULL,'C',1),
('PO71042','PH54868','5157','2022-05-01',NULL,'A',1),
('PO71051','PH52519','4062','2017-04-01',NULL,'C',1),
('PO71084','PH59733','5448','2016-11-01',NULL,'C',1),
('PO71164','PH51921','4280','2014-04-01',NULL,'C',1),
('PO71257','PH57382','4376','2019-09-01',NULL,'B',1),
('PO71387','PH53688','4660','2021-01-01',NULL,'B',1),
('PO71412','PH51102','5597','2013-05-01',NULL,'A',1),
('PO71681','PH51086','5915','2014-08-01',NULL,'C',1),
('PO71770','PH51917','5966','2021-04-01',NULL,'C',1),
('PO71780','PH53698','5397','2015-08-01',NULL,'A',1),
('PO71787','PH56559','5289','2018-01-01',NULL,'B',1),
('PO71827','PH57522','4310','2013-06-01',NULL,'A',1),
('PO71828','PH56449','4684','2014-03-01',NULL,'C',1),
('PO71887','PH54518','5545','2014-11-01',NULL,'B',1),
('PO71974','PH52519','5027','2016-05-01',NULL,'A',1),
('PO72085','PH57476','4172','2013-05-01',NULL,'C',1),
('PO72164','PH52697','4127','2020-12-01',NULL,'C',1),
('PO72247','PH50162','5068','2017-06-01',NULL,'A',1),
('PO72680','PH50736','4537','2015-11-01',NULL,'A',1),
('PO72697','PH58675','4610','2013-09-01',NULL,'C',1),
('PO72716','PH51917','4270','2022-03-01',NULL,'A',1),
('PO72721','PH51042','4575','2016-04-01',NULL,'B',1),
('PO72871','PH53416','4614','2021-07-01',NULL,'C',1),
('PO73081','PH50468','5267','2017-12-01',NULL,'B',1),
('PO73226','PH53509','5748','2021-12-01',NULL,'C',1),
('PO73269','PH53836','5163','2017-09-01',NULL,'B',1),
('PO73383','PH59224','5845','2021-06-01',NULL,'C',1),
('PO73521','PH57639','6000','2014-04-01',NULL,'B',1),
('PO73579','PH51229','4321','2015-10-01',NULL,'C',1),
('PO73674','PH57549','4103','2022-05-01',NULL,'B',1),
('PO73694','PH52565','4693','2017-12-01',NULL,'C',1),
('PO73807','PH59451','4340','2021-10-01',NULL,'B',1),
('PO74082','PH53723','4355','2019-10-01',NULL,'C',1),
('PO74252','PH51369','4819','2018-01-01',NULL,'C',1),
('PO74255','PH55666','4210','2020-03-01',NULL,'B',1),
('PO74257','PH53288','5725','2022-05-01',NULL,'C',1),
('PO74376','PH51392','4635','2021-02-01',NULL,'B',1),
('PO74406','PH53698','4361','2014-01-01',NULL,'A',1),
('PO74408','PH59309','4739','2018-08-01',NULL,'C',1),
('PO74525','PH58529','5908','2014-02-01',NULL,'B',1),
('PO74562','PH51317','4384','2016-08-01',NULL,'A',1),
('PO74685','PH56449','4982','2018-04-01',NULL,'B',1),
('PO74898','PH54380','5443','2021-11-01',NULL,'B',1),
('PO74954','PH50534','4570','2015-11-01',NULL,'A',1),
('PO74958','PH50162','5445','2014-03-01',NULL,'A',1),
('PO75040','PH51863','4258','2014-05-01',NULL,'A',1),
('PO75046','PH58724','5738','2021-06-01',NULL,'A',1),
('PO75092','PH53723','5111','2019-02-01',NULL,'A',1),
('PO75182','PH54626','5550','2018-06-01',NULL,'C',1),
('PO75218','PH56417','5361','2015-10-01',NULL,'B',1),
('PO75323','PH57429','5485','2019-07-01',NULL,'B',1),
('PO75359','PH56387','4870','2017-01-01',NULL,'B',1),
('PO75369','PH52255','4677','2017-11-01',NULL,'A',1),
('PO75391','PH53509','5844','2020-09-01',NULL,'A',1),
('PO75588','PH55050','5480','2013-08-01',NULL,'A',1),
('PO75619','PH53416','5712','2018-07-01',NULL,'C',1),
('PO75762','PH53698','4593','2016-03-01',NULL,'A',1),
('PO75813','PH53519','4923','2022-04-01',NULL,'C',1),
('PO75850','PH56901','4019','2013-01-01',NULL,'C',1),
('PO75996','PH52353','4774','2013-01-01',NULL,'A',1),
('PO76040','PH53465','5144','2021-08-01',NULL,'A',1),
('PO76052','PH50743','4516','2014-06-01',NULL,'B',1),
('PO76070','PH54325','5334','2017-07-01',NULL,'A',1),
('PO76103','PH51681','4380','2020-12-01',NULL,'C',1),
('PO76121','PH58337','5109','2020-08-01',NULL,'C',1),
('PO76233','PH59651','5612','2016-10-01',NULL,'B',1),
('PO76245','PH58247','4968','2015-04-01',NULL,'A',1),
('PO76357','PH56615','4009','2014-05-01',NULL,'C',1),
('PO76438','PH53509','5134','2021-02-01',NULL,'A',1),
('PO76571','PH51701','5522','2017-10-01',NULL,'C',1),
('PO76680','PH57271','4164','2016-08-01',NULL,'B',1),
('PO76774','PH54327','5365','2016-12-01',NULL,'B',1),
('PO76839','PH54325','5040','2014-08-01',NULL,'C',1),
('PO76931','PH54325','5031','2014-11-01',NULL,'B',1),
('PO77049','PH52563','5291','2014-02-01',NULL,'A',1),
('PO77137','PH53724','5297','2019-01-01',NULL,'C',1),
('PO77200','PH50162','5539','2016-09-01',NULL,'A',1),
('PO77253','PH56387','4783','2014-10-01',NULL,'C',1),
('PO77329','PH51042','4881','2017-02-01',NULL,'B',1),
('PO77478','PH56031','5440','2015-10-01',NULL,'A',1),
('PO77512','PH58675','5733','2016-11-01',NULL,'C',1),
('PO77586','PH51042','4128','2016-04-01',NULL,'A',1),
('PO77623','PH54900','5930','2016-05-01',NULL,'C',1),
('PO77643','PH50173','5220','2021-12-01',NULL,'A',1),
('PO77734','PH50543','5878','2015-04-01',NULL,'B',1),
('PO77779','PH59566','4446','2017-10-01',NULL,'B',1),
('PO77789','PH54804','4850','2016-02-01',NULL,'A',1),
('PO77842','PH51086','5753','2015-12-01',NULL,'A',1),
('PO77876','PH52519','5117','2013-09-01',NULL,'B',1),
('PO77897','PH50468','5399','2020-09-01',NULL,'C',1),
('PO77927','PH54325','4602','2021-08-01',NULL,'C',1),
('PO77942','PH50743','4293','2017-10-01',NULL,'B',1),
('PO77978','PH56559','5484','2016-11-01',NULL,'B',1),
('PO78160','PH53519','5370','2017-02-01',NULL,'C',1),
('PO78169','PH58597','5015','2013-07-01',NULL,'C',1),
('PO78272','PH58675','5434','2018-12-01',NULL,'B',1),
('PO78312','PH50029','4577','2018-09-01',NULL,'A',1),
('PO78400','PH57168','4187','2019-10-01',NULL,'A',1),
('PO78420','PH58877','5537','2015-07-01',NULL,'B',1),
('PO78486','PH50441','5194','2017-11-01',NULL,'C',1),
('PO78501','PH50061','5328','2020-10-01',NULL,'B',1),
('PO78648','PH51317','4866','2019-02-01',NULL,'C',1),
('PO78659','PH53457','5229','2016-05-01','2020-04-30','A',0),
('PO78790','PH50441','5413','2017-07-01','2020-12-31','B',0),
('PO78817','PH50751','5744','2020-02-01','2021-10-30','B',0),
('PO78901','PH54670','4957','2015-02-01','2020-06-30','A',0),
('PO78916','PH54711','4178','2015-10-01','2021-02-28','C',0),
('PO78949','PH55497','5654','2016-11-01','2022-01-31','A',0),
('PO79052','PH55497','5991','2019-04-01','2020-08-31','B',0),
('PO79258','PH56449','4189','2018-03-01','2022-06-30','A',0),
('PO79507','PH52417','4809','2015-07-01','2021-03-31','B',0),
('PO79513','PH54184','4973','2017-04-01','2020-08-31','A',0),
('PO79586','PH57776','4940','2015-06-01','2020-05-31','C',0),
('PO79883','PH58837','5694','2017-09-01','2020-11-30','B',0),
('PO79918','PH54947','5521','2020-11-01','2022-03-31','C',0),
('PO79940','PH52741','5135','2016-01-01','2021-12-31','B',0);

INSERT INTO `claim` VALUES
('CM845680',2635,'PH57549','PO70583','Fire','2014-05-16','2014-06-04','Declined',NULL),
('CM845729',1762,'PH56901','PO75850','Fire','2013-10-11','2014-06-11','Declined',NULL),
('CM845974',1762,'PH58529','PO74525','Damage','2015-02-05','2015-03-24','Declined',NULL),
('CM846170',2059,'PH56901','PO75850','Damage','2014-03-08','2015-09-02','Declined',NULL),
('CM852246',2522,'PH58877','PO78420','Fire','2015-08-10','2020-06-22','Declined',NULL),
('CM846317',1857,'PH58877','PO78420','Damage','2016-01-03','2016-03-31','Declined',NULL),
('CM846415',2059,'PH56417','PO75218','Fire','2016-02-25','2016-04-20','Declined',NULL),
('CM846464',2522,'PH51086','PO77842','Damage','2016-02-25','2016-06-04','Declined',NULL),
('CM846709',2522,'PH50534','PO74954','Fire','2016-06-12','2016-08-10','Declined',NULL),
('CM846954',1857,'PH51086','PO77842','Damage','2017-02-15','2017-02-23','Declined',NULL),
('CM847052',1857,'PH57549','PO70583','Fire','2017-03-10','2017-03-22','Declined',NULL),
('CM847101',2059,'PH51863','PO75040','Theft','2015-12-04','2017-05-30','Declined',NULL),
('CM847248',2522,'PH51317','PO74562','Damage','2017-07-02','2017-08-09','Declined',NULL),
('CM847297',2522,'PH51042','PO77586','Theft','2017-05-17','2017-08-17','Declined',NULL),
('CM847395',1857,'PH53457','PO78659','Theft','2017-09-01','2017-09-11','Declined',NULL),
('CM847885',1857,'PH58675','PO72697','Damage','2018-01-10','2018-01-18','Declined',NULL),
('CM847934',1762,'PH50441','PO78790','Damage','2017-12-07','2018-02-25','Declined',NULL),
('CM848130',1857,'PH59733','PO71084','Fire','2016-11-29','2018-04-09','Declined',NULL),
('CM848179',2059,'PH53457','PO78659','Damage','2018-01-16','2018-04-10','Declined',NULL),
('CM848228',2522,'PH53519','PO78160','Damage','2018-02-08','2018-04-27','Declined',NULL),
('CM848375',2522,'PH57549','PO70583','Damage','2017-01-30','2018-05-24','Declined',NULL),
('CM848473',2635,'PH51317','PO74562','Fire','2018-05-03','2018-06-25','Declined',NULL),
('CM848571',2635,'PH55461','PO70145','Fire','2018-05-16','2018-07-20','Declined',NULL),
('CM848718',1857,'PH57639','PO73521','Fire','2017-05-03','2018-08-04','Declined',NULL),
('CM848816',2059,'PH51863','PO75040','Damage','2018-08-01','2018-08-21','Declined',NULL),
('CM849012',2522,'PH54327','PO76774','Damage','2017-06-08','2018-10-29','Declined',NULL),
('CM849110',2635,'PH59309','PO74408','Damage','2018-08-17','2018-11-12','Declined',NULL),
('CM849306',2635,'PH55497','PO78949','Damage','2018-09-14','2018-12-06','Declined',NULL),
('CM849355',2522,'PH52519','PO71051','Damage','2018-09-30','2018-12-12','Declined',NULL),
('CM849453',2635,'PH58837','PO79883','Fire','2018-12-21','2018-12-24','Declined',NULL),
('CM849502',1762,'PH53457','PO78659','Fire','2018-10-13','2019-01-05','Declined',NULL),
('CM849551',1762,'PH50029','PO78312','Fire','2018-09-20','2019-01-10','Declined',NULL),
('CM849649',2059,'PH54711','PO78916','Fire','2018-11-08','2019-01-19','Declined',NULL),
('CM849796',1857,'PH56559','PO77978','Damage','2018-12-25','2019-02-02','Declined',NULL),
('CM849943',1762,'PH50441','PO78790','Theft','2019-02-17','2019-03-23','Declined',NULL),
('CM850139',2059,'PH50743','PO70298','Damage','2018-06-27','2019-05-06','Declined',NULL),
('CM850433',2635,'PH56901','PO75850','Damage','2019-07-15','2019-07-27','Declined',NULL),
('CM850384',2059,'PH56449','PO79258','Damage','2019-05-08','2019-07-25','Declined',NULL),
('CM850580',2635,'PH58626','PO70725','Damage','2019-05-28','2019-08-20','Declined',NULL),
('CM851070',2522,'PH58675','PO78272','Damage','2019-11-23','2019-12-11','Declined',NULL),
('CM851168',2522,'PH53836','PO73269','Damage','2018-04-20','2019-12-25','Declined',NULL),
('CM851315',2522,'PH56449','PO71828','Damage','2019-12-07','2020-02-11','Declined',NULL),
('CM851805',1857,'PH50751','PO78817','Damage','2020-02-28','2020-04-02','Declined',NULL),
('CM846905',1857,'PH58529','PO74525','Damage','2016-08-19','2016-10-04','Declined',NULL),
('CM851952',2059,'PH51863','PO75040','Damage','2017-10-14','2020-04-20','Declined',NULL),
('CM852050',2522,'PH50751','PO78817','Damage','2020-04-28','2020-05-05','Declined',NULL),
('CM852148',1857,'PH51229','PO73579','Fire','2020-04-03','2020-05-20','Declined',NULL),
('CM852197',1857,'PH50913','PO70647','Theft','2020-05-16','2020-05-25','Declined',NULL),
('CM850776',2635,'PH57429','PO75323','Theft','2019-07-29','2019-09-24','Declined',NULL),
('CM852442',2522,'PH52565','PO73694','Damage','2020-05-08','2020-08-07','Declined',NULL),
('CM852638',2522,'PH50743','PO77942','Damage','2017-11-05','2020-09-18','Declined',NULL),
('CM852785',2522,'PH59566','PO77779','Damage','2020-08-24','2020-10-10','Declined',NULL),
('CM852883',1762,'PH50468','PO73081','Damage','2018-12-24','2020-10-14','Declined',NULL),
('CM852981',2635,'PH50468','PO77897','Fire','2020-09-30','2020-11-04','Declined',NULL),
('CM853422',1857,'PH51102','PO71412','Damage','2014-11-22','2021-01-01','Declined',NULL),
('CM854549',1857,'PH53509','PO75391','Fire','2021-04-28','2021-05-21','Declined',NULL),
('CM854157',2635,'PH54604','PO70497','Theft','2021-04-18','2021-04-20','Declined',NULL),
('CM854206',1762,'PH52563','PO77049','Fire','2021-03-28','2021-04-24','Declined',NULL),
('CM854353',2059,'PH51863','PO75040','Theft','2021-03-06','2021-05-01','Declined',NULL),
('CM854304',1857,'PH53509','PO75391','Fire','2021-03-19','2021-04-30','Declined',NULL),
('CM850629',1857,'PH50029','PO78312','Damage','2019-02-07','2019-08-21','Declined',NULL),
('CM853765',2635,'PH54947','PO79918','Theft','2021-03-03','2021-03-04','Declined',NULL),
('CM852393',2635,'PH53723','PO74082','Fire','2020-06-07','2020-07-15','Declined',NULL),
('CM855088',2522,'PH51392','PO74376','Damage','2021-06-13','2021-07-25','Declined',NULL),
('CM855676',2635,'PH51917','PO71770','Fire','2021-08-12','2021-09-04','Declined',NULL),
('CM856019',1857,'PH56449','PO79258','Damage','2021-09-28','2021-10-08','Declined',NULL),
('CM856264',2059,'PH50162','PO74958','Fire','2021-09-12','2021-11-02','Declined',NULL),
('CM856313',1762,'PH55497','PO79052','Fire','2019-10-24','2021-11-03','Declined',NULL),
('CM856460',1857,'PH50751','PO78817','Damage','2021-09-09','2021-11-08','Declined',NULL),
('CM856656',2059,'PH53723','PO74082','Fire','2021-10-01','2021-12-14','Declined',NULL),
('CM857146',1762,'PH52565','PO73694','Damage','2021-10-27','2022-01-27','Declined',NULL),
('CM857293',1857,'PH50061','PO78501','Fire','2022-01-03','2022-02-05','Declined',NULL),
('CM856754',1762,'PH54325','PO77927','Damage','2021-10-19','2021-12-18','Declined',NULL),
('CM857489',2059,'PH53509','PO75391','Theft','2022-01-15','2022-03-06','Declined',NULL),
('CM857685',2522,'PH50173','PO77643','Damage','2022-01-07','2022-03-15','Declined',NULL),
('CM857881',2059,'PH53465','PO76040','Theft','2021-08-11','2022-03-19','Declined',NULL),
('CM853471',2522,'PH56449','PO79258','Theft','2021-01-02','2021-01-10','Declined',NULL),
('CM858322',1857,'PH51917','PO72716','Theft','2022-04-05','2022-04-07','Declined',NULL),
('CM856705',2059,'PH51317','PO74562','Fire','2021-09-19','2021-12-18','Declined',NULL),
('CM858616',2522,'PH54604','PO70497','Damage','2022-03-01','2022-04-21','Declined',NULL),
('CM858665',1762,'PH53416','PO72871','Fire','2022-02-14','2022-04-24','Declined',NULL),
('CM858910',2059,'PH54868','PO71042','Damage','2022-05-06','2022-05-09','Declined',NULL),
('CM859057',1762,'PH50173','PO77643','Fire','2022-02-10','2022-05-17','Declined',NULL),
('CM859155',1857,'PH50468','PO73081','Damage','2022-03-04','2022-05-18','Declined',NULL),
('CM859547',1857,'PH53688','PO71387','Theft','2022-04-19','2022-06-01','Declined',NULL),
('CM859498',2635,'PH51701','PO76571','Damage','2022-05-26','2022-06-01','Declined',NULL),
('CM859792',1762,'PH53509','PO75391','Fire','2022-04-04','2022-06-04','Declined',NULL),
('CM860037',2635,'PH53509','PO73226','Damage','2022-04-24','2022-06-17','Declined',NULL),
('CM860086',1857,'PH53288','PO74257','Fire','2022-05-04','2022-06-19','Declined',NULL),
('CM860135',1762,'PH50468','PO77897','Damage','2021-04-27','2022-06-22','Declined',NULL),
('CM860184',2059,'PH54868','PO71042','Fire','2022-05-17','2022-06-26','Declined',NULL),
('CM860478',2635,'PH51921','PO71164','Damage','2015-03-15','2022-07-04','Declined',NULL),
('CM860527',2522,'PH52563','PO77049','Damage','2022-05-04','2022-07-06','Declined',NULL),
('CM860625',2635,'PH57549','PO73674','Damage','2022-06-09','2022-07-09','Declined',NULL),
('CM860919',2059,'PH59451','PO73807','Theft','2022-05-04','2022-07-24','Declined',NULL),
('CM860968',2635,'PH50736','PO72680','Damage','2022-01-23','2022-07-25','Declined',NULL),
('CM845631',1762,'PH56449','PO71828','Fire','2014-04-02','2014-04-10','Finalised',NULL),
('CM845778',1857,'PH57476','PO72085','Damage','2014-07-19','2014-10-07','Finalised',NULL),
('CM845827',1857,'PH56387','PO77253','Theft','2014-10-04','2014-10-16','Finalised',NULL),
('CM845876',2635,'PH50743','PO76052','Theft','2014-11-08','2015-01-16','Finalised',NULL),
('CM845925',2059,'PH52563','PO77049','Theft','2015-02-12','2015-03-10','Finalised',NULL),
('CM846023',1762,'PH50162','PO74958','Damage','2015-03-31','2015-05-21','Finalised',NULL),
('CM846072',2635,'PH58529','PO74525','Damage','2015-04-16','2015-07-09','Finalised',NULL),
('CM846121',2522,'PH56449','PO71828','Theft','2015-05-12','2015-07-27','Finalised',NULL),
('CM846219',2059,'PH51229','PO73579','Theft','2015-12-26','2016-02-13','Finalised',NULL),
('CM846268',1762,'PH51102','PO71412','Fire','2016-02-11','2016-03-04','Finalised',NULL),
('CM846366',2635,'PH54518','PO71887','Fire','2016-04-10','2016-04-17','Finalised',NULL),
('CM846513',1762,'PH57639','PO73521','Damage','2016-05-05','2016-06-21','Finalised',NULL),
('CM846562',1762,'PH52353','PO75996','Damage','2016-05-04','2016-06-22','Finalised',NULL),
('CM846611',1857,'PH51102','PO71412','Theft','2016-06-23','2016-07-27','Finalised',NULL),
('CM846660',1762,'PH57549','PO70583','Fire','2016-07-11','2016-08-01','Finalised',NULL),
('CM846758',2522,'PH53698','PO75762','Fire','2016-07-11','2016-08-10','Finalised',NULL),
('CM846807',1857,'PH53698','PO74406','Damage','2016-06-02','2016-08-23','Finalised',NULL),
('CM846856',1762,'PH54711','PO78916','Fire','2016-07-06','2016-09-04','Finalised',NULL),
('CM847003',2522,'PH54711','PO78916','Theft','2017-01-14','2017-03-06','Finalised',NULL),
('CM847150',1762,'PH56615','PO76357','Damage','2017-04-20','2017-06-03','Finalised',NULL),
('CM847199',2635,'PH53698','PO75762','Theft','2017-04-12','2017-06-11','Finalised',NULL),
('CM847346',2635,'PH59733','PO71084','Theft','2017-06-06','2017-09-04','Finalised',NULL),
('CM847444',2059,'PH58877','PO78420','Theft','2017-08-15','2017-09-15','Finalised',NULL),
('CM847493',2635,'PH55461','PO70145','Damage','2017-09-14','2017-09-19','Finalised',NULL),
('CM847542',2635,'PH50534','PO74954','Theft','2017-07-19','2017-10-04','Finalised',NULL),
('CM847591',1762,'PH51042','PO72721','Fire','2017-08-18','2017-10-18','Finalised',NULL),
('CM847640',2059,'PH57522','PO71827','Damage','2017-08-30','2017-11-05','Finalised',NULL),
('CM847689',2522,'PH53698','PO75762','Damage','2017-10-17','2017-11-14','Finalised',NULL),
('CM847738',1857,'PH58626','PO70725','Theft','2017-10-17','2017-11-21','Finalised',NULL),
('CM847787',1857,'PH54711','PO78916','Theft','2017-12-04','2017-12-11','Finalised',NULL),
('CM847836',2059,'PH51086','PO77842','Fire','2017-11-17','2018-01-11','Finalised',NULL),
('CM847983',2635,'PH53519','PO78160','Damage','2018-02-01','2018-03-11','Finalised',NULL),
('CM848032',1762,'PH56449','PO71828','Fire','2018-01-14','2018-03-14','Finalised',NULL),
('CM848081',2059,'PH50743','PO77942','Fire','2018-02-27','2018-03-24','Finalised',NULL),
('CM848277',2522,'PH58521','PO70528','Damage','2018-05-05','2018-05-09','Finalised',NULL),
('CM848326',1762,'PH50468','PO73081','Damage','2018-02-22','2018-05-20','Finalised',NULL),
('CM848424',1762,'PH58837','PO79883','Damage','2018-05-01','2018-06-14','Finalised',NULL),
('CM848522',2522,'PH56449','PO79258','Fire','2018-05-24','2018-07-07','Finalised',NULL),
('CM848620',2635,'PH54626','PO75182','Damage','2018-06-22','2018-07-27','Finalised',NULL),
('CM848669',1857,'PH51086','PO71681','Fire','2018-06-18','2018-07-31','Finalised',NULL),
('CM848767',1762,'PH58521','PO70528','Damage','2018-06-09','2018-08-11','Finalised',NULL),
('CM848865',1762,'PH53698','PO75762','Theft','2018-07-28','2018-08-30','Finalised',NULL),
('CM848914',1762,'PH50534','PO74954','Fire','2018-07-29','2018-09-06','Finalised',NULL),
('CM848963',2059,'PH53519','PO78160','Theft','2018-08-05','2018-09-29','Finalised',NULL),
('CM849061',2635,'PH58626','PO70725','Damage','2018-09-04','2018-10-31','Finalised',NULL),
('CM849159',1762,'PH53519','PO78160','Theft','2018-11-29','2018-11-29','Finalised',NULL),
('CM849208',2059,'PH58675','PO77512','Theft','2018-09-13','2018-12-04','Finalised',NULL),
('CM849257',2522,'PH52565','PO73694','Damage','2018-09-06','2018-12-06','Finalised',NULL),
('CM849404',2522,'PH56449','PO79258','Fire','2018-10-26','2018-12-20','Finalised',NULL),
('CM849600',2522,'PH58675','PO77512','Theft','2018-10-26','2019-01-13','Finalised',NULL),
('CM849698',1857,'PH50736','PO72680','Damage','2018-11-17','2019-01-24','Finalised',NULL),
('CM849747',1762,'PH54711','PO78916','Theft','2018-11-14','2019-01-30','Finalised',NULL),
('CM849845',2522,'PH56417','PO75218','Damage','2019-01-08','2019-02-26','Finalised',NULL),
('CM849894',1762,'PH53416','PO75619','Fire','2019-02-14','2019-03-07','Finalised',NULL),
('CM849992',1762,'PH55461','PO70145','Damage','2019-03-24','2019-03-31','Finalised',NULL),
('CM850041',2635,'PH58837','PO79883','Fire','2019-02-11','2019-04-17','Finalised',NULL),
('CM850090',1857,'PH50162','PO77200','Damage','2019-02-18','2019-04-18','Finalised',NULL),
('CM850188',2635,'PH50743','PO70298','Damage','2019-03-04','2019-05-09','Finalised',NULL),
('CM850237',1762,'PH50441','PO78486','Theft','2019-05-02','2019-07-02','Finalised',NULL),
('CM850286',2635,'PH55057','PO70450','Damage','2019-05-05','2019-07-03','Finalised',NULL),
('CM850335',2059,'PH54626','PO75182','Theft','2019-06-18','2019-07-05','Finalised',NULL),
('CM850482',2635,'PH58675','PO72697','Theft','2019-05-24','2019-07-30','Finalised',NULL),
('CM850531',2635,'PH55057','PO70450','Fire','2019-06-07','2019-08-05','Finalised',NULL),
('CM850678',2059,'PH54626','PO75182','Damage','2019-05-25','2019-08-22','Finalised',NULL),
('CM850727',1762,'PH54626','PO75182','Fire','2019-08-04','2019-09-18','Finalised',NULL),
('CM850825',2522,'PH52565','PO73694','Theft','2019-08-04','2019-10-25','Finalised',NULL),
('CM850874',1762,'PH58521','PO70528','Theft','2019-08-17','2019-10-25','Finalised',NULL),
('CM850923',1857,'PH54518','PO71887','Damage','2019-08-17','2019-11-03','Finalised',NULL),
('CM850972',1857,'PH51042','PO72721','Damage','2019-08-28','2019-11-14','Finalised',NULL),
('CM851021',1857,'PH51102','PO71412','Fire','2019-09-12','2019-12-07','Finalised',NULL),
('CM851119',1857,'PH57429','PO75323','Fire','2019-10-26','2019-12-12','Finalised',NULL),
('CM851217',2059,'PH55497','PO79052','Damage','2020-01-18','2020-01-26','Finalised',NULL),
('CM851266',1857,'PH50913','PO70647','Damage','2019-12-28','2020-02-10','Finalised',NULL),
('CM851364',2059,'PH55057','PO70450','Fire','2020-01-21','2020-02-15','Finalised',NULL),
('CM851413',1857,'PH51229','PO73579','Damage','2019-12-17','2020-03-03','Finalised',NULL),
('CM851462',2059,'PH52563','PO77049','Fire','2020-01-10','2020-03-05','Finalised',NULL),
('CM851511',1857,'PH55497','PO79052','Damage','2020-02-25','2020-03-09','Finalised',NULL),
('CM851560',1857,'PH51042','PO72721','Damage','2020-01-01','2020-03-09','Finalised',NULL),
('CM851609',2635,'PH57382','PO71257','Damage','2019-12-21','2020-03-10','Finalised',NULL),
('CM851658',1762,'PH58675','PO78272','Theft','2020-02-09','2020-03-11','Finalised',NULL),
('CM851707',1762,'PH58675','PO78272','Damage','2020-03-03','2020-03-12','Finalised',NULL),
('CM851756',2059,'PH52519','PO71051','Damage','2020-02-10','2020-03-14','Finalised',NULL),
('CM851854',2635,'PH50736','PO72680','Fire','2020-03-20','2020-04-12','Finalised',NULL),
('CM851903',2059,'PH58675','PO77512','Damage','2020-02-26','2020-04-13','Finalised',NULL),
('CM852001',2635,'PH58675','PO72697','Damage','2020-04-16','2020-04-23','Finalised',NULL),
('CM852099',2059,'PH57476','PO72085','Theft','2020-03-13','2020-05-18','Finalised',NULL),
('CM852295',2635,'PH55057','PO70450','Damage','2020-06-27','2020-07-06','Finalised',NULL),
('CM852344',2635,'PH56387','PO77253','Damage','2020-06-19','2020-07-14','Finalised',NULL),
('CM852491',1762,'PH59309','PO74408','Damage','2020-07-06','2020-08-12','Finalised',NULL),
('CM852540',2059,'PH54327','PO76774','Damage','2020-08-05','2020-08-14','Finalised',NULL),
('CM852589',1857,'PH54604','PO70497','Damage','2020-08-05','2020-09-16','Finalised',NULL),
('CM852687',1857,'PH58877','PO78420','Damage','2020-07-05','2020-09-23','Finalised',NULL),
('CM852736',2635,'PH50913','PO70647','Theft','2020-09-15','2020-09-29','Finalised',NULL),
('CM852834',1762,'PH53723','PO74082','Fire','2020-09-29','2020-10-11','Finalised',NULL),
('CM852932',1762,'PH53723','PO74082','Theft','2020-07-27','2020-10-20','Finalised',NULL),
('CM853030',2635,'PH59733','PO71084','Damage','2020-08-15','2020-11-06','Finalised',NULL),
('CM853079',2635,'PH53698','PO74406','Theft','2020-09-25','2020-11-24','Finalised',NULL),
('CM853128',1857,'PH53509','PO75391','Damage','2020-10-12','2020-12-05','Finalised',NULL),
('CM853177',1857,'PH53724','PO77137','Theft','2020-11-02','2020-12-11','Finalised',NULL),
('CM853226',1857,'PH53519','PO78160','Damage','2020-12-12','2020-12-16','Finalised',NULL),
('CM853275',2522,'PH52697','PO72164','Damage','2020-12-06','2020-12-18','Finalised',NULL),
('CM853324',2635,'PH52519','PO71051','Fire','2020-10-07','2020-12-25','Finalised',NULL),
('CM853373',1857,'PH52255','PO75369','Theft','2020-10-09','2020-12-29','Finalised',NULL),
('CM853520',2522,'PH55383','PO70739','Damage','2020-12-11','2021-01-12','Finalised',NULL),
('CM853569',1857,'PH52697','PO72164','Damage','2020-12-03','2021-02-11','Finalised',NULL),
('CM853618',1762,'PH51042','PO72721','Damage','2020-11-17','2021-02-12','Finalised',NULL),
('CM853667',2522,'PH55666','PO74255','Theft','2021-01-17','2021-02-22','Finalised',NULL),
('CM853716',1762,'PH56449','PO71828','Damage','2020-12-15','2021-02-27','Finalised',NULL),
('CM853814',2522,'PH55383','PO70739','Theft','2021-01-07','2021-03-13','Finalised',NULL),
('CM853863',1857,'PH59651','PO76233','Damage','2021-03-10','2021-03-19','Finalised',NULL),
('CM853912',2059,'PH54626','PO75182','Damage','2021-03-15','2021-03-22','Finalised',NULL),
('CM853961',1857,'PH56559','PO71787','Fire','2021-03-18','2021-03-24','Finalised',NULL),
('CM854010',2522,'PH56387','PO77253','Theft','2021-01-04','2021-03-31','Finalised',NULL),
('CM854059',2522,'PH54604','PO70497','Fire','2021-03-22','2021-04-05','Finalised',NULL),
('CM854108',2522,'PH50913','PO70647','Damage','2021-04-17','2021-04-20','Finalised',NULL),
('CM854255',1762,'PH50743','PO70298','Fire','2021-02-21','2021-04-24','Finalised',NULL),
('CM854402',2522,'PH50543','PO77734','Damage','2021-03-02','2021-05-08','Finalised',NULL),
('CM854451',2522,'PH50162','PO74958','Damage','2021-02-24','2021-05-12','Finalised',NULL),
('CM854500',2059,'PH51086','PO77842','Fire','2021-04-21','2021-05-21','Finalised',NULL),
('CM854598',1857,'PH50736','PO72680','Damage','2021-04-03','2021-05-26','Finalised',NULL),
('CM854647',2522,'PH51392','PO74376','Damage','2021-03-07','2021-05-30','Finalised',NULL),
('CM854696',2059,'PH52697','PO72164','Fire','2021-05-17','2021-06-01','Finalised',NULL),
('CM854745',1857,'PH55461','PO70145','Theft','2021-04-08','2021-06-08','Finalised',NULL),
('CM854794',2635,'PH51681','PO76103','Damage','2021-04-15','2021-06-09','Finalised',NULL),
('CM854843',2059,'PH52563','PO77049','Damage','2021-04-22','2021-06-23','Finalised',NULL),
('CM854892',2059,'PH55050','PO75588','Damage','2021-06-16','2021-06-25','Finalised',NULL),
('CM854941',2635,'PH57271','PO76680','Damage','2021-04-23','2021-06-27','Finalised',NULL),
('CM854990',2522,'PH58675','PO78272','Damage','2021-06-22','2021-07-01','Finalised',NULL),
('CM855039',2059,'PH51863','PO75040','Theft','2021-05-12','2021-07-03','Finalised',NULL),
('CM855137',2635,'PH57476','PO72085','Fire','2021-06-02','2021-08-03','Finalised',NULL),
('CM855186',2522,'PH51392','PO74376','Fire','2021-07-27','2021-08-06','Finalised',NULL),
('CM855235',2059,'PH55383','PO70739','Fire','2021-06-25','2021-08-11','Finalised',NULL),
('CM855284',1762,'PH56031','PO77478','Damage','2021-07-05','2021-08-13','Finalised',NULL),
('CM855333',1857,'PH59224','PO73383','Damage','2021-06-11','2021-08-14','Finalised',NULL),
('CM855382',2059,'PH58724','PO75046','Damage','2021-06-23','2021-08-17','Finalised',NULL),
('CM855431',2522,'PH54325','PO76070','Damage','2021-06-29','2021-08-20','Finalised',NULL),
('CM855480',2522,'PH56031','PO77478','Damage','2021-07-08','2021-08-25','Finalised',NULL),
('CM855529',1762,'PH58675','PO77512','Fire','2021-07-26','2021-08-29','Finalised',NULL),
('CM855578',2635,'PH58837','PO79883','Damage','2021-07-26','2021-08-29','Finalised',NULL),
('CM855627',2522,'PH53688','PO71387','Damage','2021-06-02','2021-09-01','Finalised',NULL),
('CM855725',2059,'PH55383','PO70739','Fire','2021-06-13','2021-09-11','Finalised',NULL),
('CM855774',2522,'PH58626','PO70725','Fire','2021-07-30','2021-09-11','Finalised',NULL),
('CM855823',1857,'PH59224','PO73383','Fire','2021-06-15','2021-09-15','Finalised',NULL),
('CM855872',2059,'PH50029','PO78312','Fire','2021-07-02','2021-09-23','Finalised',NULL),
('CM855921',2522,'PH59224','PO73383','Damage','2021-08-19','2021-09-29','Finalised',NULL),
('CM855970',2059,'PH53688','PO71387','Fire','2021-07-17','2021-09-29','Finalised',NULL),
('CM856068',1857,'PH53723','PO74082','Theft','2021-09-26','2021-10-08','Finalised',NULL),
('CM856117',1857,'PH54325','PO76070','Fire','2021-08-05','2021-10-15','Finalised',NULL),
('CM856166',1762,'PH56559','PO77978','Theft','2021-10-20','2021-10-26','Finalised',NULL),
('CM856215',2635,'PH53465','PO76040','Fire','2021-09-30','2021-10-29','Finalised',NULL),
('CM856362',2635,'PH51102','PO71412','Damage','2021-09-20','2021-11-04','Finalised',NULL),
('CM856411',2522,'PH53698','PO75762','Theft','2021-09-07','2021-11-04','Finalised',NULL),
('CM856509',1857,'PH57168','PO78400','Damage','2021-10-04','2021-11-12','Finalised',NULL),
('CM856558',2059,'PH53509','PO73226','Damage','2021-12-06','2021-12-07','Finalised',NULL),
('CM856607',2522,'PH58521','PO70528','Damage','2021-10-09','2021-12-13','Finalised',NULL),
('CM856803',2059,'PH59451','PO73807','Damage','2021-10-15','2021-12-25','Finalised',NULL),
('CM856852',1857,'PH54518','PO71887','Fire','2021-10-14','2021-12-30','Finalised',NULL),
('CM856901',2635,'PH57522','PO71827','Damage','2021-11-08','2022-01-04','Finalised',NULL),
('CM856950',1762,'PH50173','PO77643','Fire','2021-12-11','2022-01-07','Finalised',NULL),
('CM856999',2522,'PH50468','PO73081','Fire','2021-12-20','2022-01-08','Finalised',NULL),
('CM857097',2522,'PH53509','PO73226','Fire','2021-12-25','2022-01-26','Finalised',NULL),
('CM857195',2059,'PH58529','PO74525','Fire','2022-01-08','2022-01-31','Finalised',NULL),
('CM857391',2522,'PH59451','PO73807','Damage','2022-01-21','2022-02-21','Finalised',NULL),
('CM857440',2635,'PH50743','PO70298','Fire','2021-12-12','2022-02-24','Finalised',NULL),
('CM857538',2059,'PH59224','PO73383','Damage','2022-02-01','2022-03-09','Finalised',NULL),
('CM857587',1762,'PH59451','PO73807','Fire','2022-02-17','2022-03-10','Finalised',NULL),
('CM857734',2522,'PH51917','PO71770','Damage','2021-12-30','2022-03-17','Finalised',NULL),
('CM857783',2522,'PH58675','PO77512','Fire','2022-02-18','2022-03-18','Finalised',NULL),
('CM857832',1762,'PH57549','PO70583','Damage','2022-01-18','2022-03-19','Finalised',NULL),
('CM857930',2635,'PH54380','PO74898','Damage','2022-02-20','2022-03-20','Finalised',NULL),
('CM857979',1762,'PH57429','PO75323','Damage','2022-03-02','2022-03-29','Finalised',NULL),
('CM858077',2635,'PH58626','PO70725','Fire','2022-01-10','2022-03-31','Finalised',NULL),
('CM858126',2059,'PH53465','PO76040','Fire','2022-01-21','2022-04-01','Finalised',NULL),
('CM858175',2522,'PH58724','PO75046','Fire','2022-02-23','2022-04-02','Finalised',NULL),
('CM858224',1857,'PH59451','PO73807','Damage','2022-02-14','2022-04-06','Finalised',NULL),
('CM858273',1762,'PH51917','PO72716','Damage','2022-03-31','2022-04-06','Finalised',NULL),
('CM858469',2059,'PH51001','PO70931','Damage','2022-04-07','2022-04-09','Finalised',NULL),
('CM858567',1762,'PH51001','PO70931','Fire','2022-04-09','2022-04-15','Finalised',NULL),
('CM858714',2059,'PH51042','PO72721','Damage','2022-04-27','2022-05-02','Finalised',NULL),
('CM858763',2059,'PH52565','PO73694','Damage','2022-03-17','2022-05-03','Finalised',NULL),
('CM858812',2635,'PH54380','PO74898','Damage','2022-02-25','2022-05-04','Finalised',NULL),
('CM858861',1857,'PH54138','PO70664','Damage','2022-05-03','2022-05-04','Finalised',NULL),
('CM858959',2635,'PH55383','PO70739','Theft','2022-04-03','2022-05-12','Finalised',NULL),
('CM859008',2635,'PH57168','PO78400','Damage','2022-03-28','2022-05-13','Finalised',NULL),
('CM859106',1762,'PH51392','PO74376','Theft','2022-03-21','2022-05-18','Finalised',NULL),
('CM859204',2635,'PH53288','PO74257','Damage','2022-05-11','2022-05-20','Finalised',NULL),
('CM859253',2522,'PH58724','PO75046','Fire','2022-03-20','2022-05-21','Finalised',NULL),
('CM859302',1857,'PH59309','PO74408','Fire','2022-04-02','2022-05-21','Finalised',NULL),
('CM859400',2635,'PH59224','PO70850','Damage','2022-05-24','2022-05-27','Finalised',NULL),
('CM859449',2635,'PH51917','PO72716','Fire','2022-05-01','2022-05-30','Finalised',NULL),
('CM859596',2059,'PH57549','PO73674','Damage','2022-05-26','2022-06-01','Finalised',NULL),
('CM859645',2059,'PH50913','PO70647','Fire','2022-03-05','2022-06-02','Finalised',NULL),
('CM859694',1857,'PH53509','PO75391','Fire','2022-05-08','2022-06-03','Finalised',NULL),
('CM859743',2635,'PH53288','PO74257','Theft','2022-05-12','2022-06-03','Finalised',NULL),
('CM859841',2059,'PH53288','PO74257','Damage','2022-05-13','2022-06-08','Finalised',NULL),
('CM859890',1762,'PH54604','PO70497','Theft','2022-04-13','2022-06-09','Finalised',NULL),
('CM859939',2059,'PH51001','PO70931','Damage','2022-04-11','2022-06-10','Finalised',NULL),
('CM859988',1762,'PH51001','PO70931','Damage','2022-06-05','2022-06-13','Finalised',NULL),
('CM860233',2635,'PH57549','PO73674','Fire','2022-05-17','2022-06-28','Finalised',NULL),
('CM860282',1857,'PH57549','PO73674','Damage','2022-06-27','2022-06-28','Finalised',NULL),
('CM860331',2059,'PH54380','PO74898','Damage','2022-05-28','2022-06-29','Finalised',NULL),
('CM860380',1762,'PH53416','PO72871','Damage','2022-06-29','2022-06-30','Finalised',NULL),
('CM860674',2059,'PH53288','PO74257','Theft','2022-06-12','2022-07-13','Finalised',NULL),
('CM860870',2059,'PH54868','PO71042','Damage','2022-07-22','2022-07-22','Finalised',NULL),
('CM860576',NULL,'PH52565','PO73694','Damage','2022-05-19','2022-07-07','First Notice',NULL),
('CM860772',NULL,'PH51086','PO71681','Fire','2022-06-06','2022-07-17','First Notice',NULL),
('CM860821',NULL,'PH50534','PO74954','Fire','2022-07-09','2022-07-19','First Notice',NULL),
('CM861017',NULL,'PH53698','PO71780','Damage','2022-06-11','2022-07-27','First Notice',NULL),
('CM861115',NULL,'PH54900','PO77623','Damage','2022-06-12','2022-07-30','First Notice',NULL),
('CM861164',NULL,'PH51701','PO76571','Damage','2022-05-11','2022-07-31','First Notice',NULL),
('CM857048',2635,'PH54327','PO76774','Damage','2022-01-01','2022-01-10','In Progress',NULL),
('CM857244',2522,'PH57261','PO71033','Theft','2021-12-04','2022-02-02','In Progress',NULL),
('CM857342',2059,'PH51917','PO71770','Fire','2022-01-08','2022-02-12','In Progress',NULL),
('CM857636',1857,'PH56615','PO76357','Theft','2022-02-04','2022-03-12','In Progress',NULL),
('CM858028',1762,'PH51042','PO77586','Theft','2022-02-28','2022-03-31','In Progress',NULL),
('CM858371',1762,'PH52697','PO72164','Damage','2022-01-12','2022-04-08','In Progress',NULL),
('CM858420',2635,'PH52353','PO75996','Fire','2022-01-26','2022-04-09','In Progress',NULL),
('CM858518',2522,'PH53509','PO73226','Damage','2022-03-05','2022-04-15','In Progress',NULL),
('CM859351',1762,'PH57476','PO72085','Theft','2022-03-30','2022-05-26','In Progress',NULL),
('CM860429',1762,'PH54138','PO70664','Theft','2022-05-01','2022-07-02','In Progress',NULL),
('CM860723',2522,'PH51701','PO76571','Damage','2022-05-19','2022-07-14','In Progress',NULL),
('CM861066',2059,'PH53416','PO72871','Fire','2022-06-21','2022-07-28','In Progress',NULL);

INSERT INTO `claim_payment` VALUES
(1000,'CM845827',5104,'2014-12-08',NULL),
(1001,'CM845631',23275,'2015-07-10',NULL),
(1002,'CM846562',805308,'2016-12-19',NULL),
(1003,'CM846856',90205,'2016-12-24',NULL),
(1004,'CM845778',94402,'2017-06-27',NULL),
(1005,'CM847542',993151,'2017-11-23',NULL),
(1006,'CM846660',874450,'2018-01-21',NULL),
(1007,'CM846023',377861,'2018-05-05',NULL),
(1008,'CM847983',49540,'2018-07-27',NULL),
(1009,'CM846219',12753,'2018-07-29',NULL),
(1010,'CM848032',98842,'2018-12-13',NULL),
(1011,'CM848767',63466,'2018-12-17',NULL),
(1012,'CM849404',334948,'2019-02-09',NULL),
(1013,'CM845876',233685,'2019-02-11',NULL),
(1014,'CM849698',281349,'2019-04-15',NULL),
(1015,'CM849257',71754,'2019-05-14',NULL),
(1016,'CM849894',95943,'2019-05-16',NULL),
(1017,'CM849600',81460,'2019-05-20',NULL),
(1018,'CM846121',40091,'2019-07-27',NULL),
(1019,'CM847493',327791,'2019-08-01',NULL),
(1020,'CM849747',14613,'2019-08-05',NULL),
(1021,'CM847150',76459,'2019-08-24',NULL),
(1022,'CM847003',86290,'2019-09-19',NULL),
(1023,'CM847836',696092,'2019-09-27',NULL),
(1024,'CM846366',8987,'2019-10-31',NULL),
(1025,'CM849992',245032,'2019-12-22',NULL),
(1026,'CM845925',895225,'2020-01-03',NULL),
(1027,'CM848963',9178,'2020-02-12',NULL),
(1028,'CM850874',341016,'2020-03-09',NULL),
(1029,'CM850188',197605,'2020-03-20',NULL),
(1030,'CM846268',882973,'2020-04-21',NULL),
(1031,'CM847640',375257,'2020-04-27',NULL),
(1032,'CM849159',31946,'2020-05-13',NULL),
(1033,'CM851658',487517,'2020-06-02',NULL),
(1034,'CM849845',406079,'2020-06-14',NULL),
(1035,'CM850972',463952,'2020-06-14',NULL),
(1036,'CM851119',155926,'2020-07-14',NULL),
(1037,'CM848669',65052,'2020-07-16',NULL),
(1038,'CM846072',64103,'2020-07-19',NULL),
(1039,'CM851021',581303,'2020-07-23',NULL),
(1040,'CM847787',87525,'2020-07-28',NULL),
(1041,'CM851511',346395,'2020-08-04',NULL),
(1042,'CM848522',703502,'2020-08-15',NULL),
(1043,'CM848277',189165,'2020-08-18',NULL),
(1044,'CM847689',231303,'2020-09-15',NULL),
(1045,'CM848914',513850,'2020-09-28',NULL),
(1046,'CM851756',8412,'2020-10-04',NULL),
(1047,'CM852491',71665,'2020-10-11',NULL),
(1048,'CM852736',684144,'2020-10-16',NULL),
(1049,'CM851266',644112,'2020-10-19',NULL),
(1050,'CM851413',98665,'2020-11-20',NULL),
(1051,'CM851217',334727,'2020-12-02',NULL),
(1052,'CM850482',95896,'2021-01-05',NULL),
(1053,'CM846807',622373,'2021-01-11',NULL),
(1054,'CM852932',1056,'2021-01-14',NULL),
(1055,'CM853079',189480,'2021-01-18',NULL),
(1056,'CM853128',492487,'2021-01-25',NULL),
(1057,'CM853373',382902,'2021-01-30',NULL),
(1058,'CM853569',54110,'2021-03-31',NULL),
(1059,'CM851364',307656,'2021-04-03',NULL),
(1060,'CM850923',93271,'2021-04-09',NULL),
(1061,'CM847199',370314,'2021-04-17',NULL),
(1062,'CM853961',50682,'2021-04-24',NULL),
(1063,'CM848326',363310,'2021-04-28',NULL),
(1064,'CM850825',82185,'2021-04-30',NULL),
(1065,'CM850531',226145,'2021-05-02',NULL),
(1066,'CM854402',236162,'2021-05-13',NULL),
(1067,'CM846513',309291,'2021-05-20',NULL),
(1068,'CM846758',711248,'2021-05-26',NULL),
(1069,'CM852834',57854,'2021-06-06',NULL),
(1070,'CM852687',270638,'2021-06-15',NULL),
(1071,'CM847444',210277,'2021-06-16',NULL),
(1072,'CM848865',355026,'2021-06-18',NULL),
(1073,'CM854255',380465,'2021-06-20',NULL),
(1074,'CM853030',70893,'2021-06-23',NULL),
(1075,'CM853814',888234,'2021-06-26',NULL),
(1076,'CM849208',89277,'2021-06-30',NULL),
(1077,'CM851903',39153,'2021-07-01',NULL),
(1078,'CM850090',942509,'2021-08-14',NULL),
(1079,'CM854451',838810,'2021-09-07',NULL),
(1080,'CM854500',179442,'2021-09-12',NULL),
(1081,'CM853618',408672,'2021-09-14',NULL),
(1082,'CM855627',192721,'2021-09-14',NULL),
(1083,'CM855578',243196,'2021-09-29',NULL),
(1084,'CM851609',402560,'2021-10-05',NULL),
(1085,'CM848620',51453,'2021-10-09',NULL),
(1086,'CM851560',277943,'2021-10-12',NULL),
(1087,'CM850678',12215,'2021-10-19',NULL),
(1088,'CM854598',539582,'2021-10-22',NULL),
(1089,'CM850237',95230,'2021-10-27',NULL),
(1090,'CM855039',630249,'2021-10-28',NULL),
(1091,'CM855970',489503,'2021-11-01',NULL),
(1092,'CM852344',22828,'2021-11-03',NULL),
(1093,'CM856068',41004,'2021-11-03',NULL),
(1094,'CM852295',59559,'2021-11-11',NULL),
(1095,'CM846611',588178,'2021-11-17',NULL),
(1096,'CM854059',277879,'2021-11-19',NULL),
(1097,'CM856509',498772,'2021-11-28',NULL),
(1098,'CM854892',296107,'2021-12-01',NULL),
(1099,'CM855235',800995,'2021-12-05',NULL),
(1100,'CM847738',430294,'2021-12-06',NULL),
(1101,'CM847591',302069,'2021-12-14',NULL),
(1102,'CM855137',47190,'2021-12-21',NULL),
(1103,'CM853912',96105,'2021-12-24',NULL),
(1104,'CM856852',179186,'2022-01-02',NULL),
(1105,'CM854745',590005,'2022-01-09',NULL),
(1106,'CM855725',759426,'2022-01-10',NULL),
(1107,'CM854941',196146,'2022-01-11',NULL),
(1108,'CM854696',4469,'2022-01-12',NULL),
(1109,'CM852540',409492,'2022-01-13',NULL),
(1110,'CM850041',152257,'2022-01-20',NULL),
(1111,'CM850335',99896,'2022-01-28',NULL),
(1112,'CM853520',106773,'2022-01-29',NULL),
(1113,'CM852001',89781,'2022-01-30',NULL),
(1114,'CM855431',389407,'2022-02-03',NULL),
(1115,'CM848081',154597,'2022-02-07',NULL),
(1116,'CM847346',93706,'2022-02-07',NULL),
(1117,'CM853324',65083,'2022-02-11',NULL),
(1118,'CM855382',74404,'2022-02-13',NULL),
(1119,'CM853177',57410,'2022-02-14',NULL),
(1120,'CM853863',266905,'2022-02-17',NULL),
(1121,'CM849061',466804,'2022-03-02',NULL),
(1122,'CM855872',222127,'2022-03-10',NULL),
(1123,'CM855774',170788,'2022-03-11',NULL),
(1124,'CM857587',443879,'2022-03-15',NULL),
(1125,'CM856215',184698,'2022-03-21',NULL),
(1126,'CM850286',308830,'2022-03-22',NULL),
(1127,'CM854647',437085,'2022-03-23',NULL),
(1128,'CM855480',171679,'2022-03-25',NULL),
(1129,'CM856117',537270,'2022-03-25',NULL),
(1130,'CM856558',72444,'2022-04-02',NULL),
(1131,'CM857979',49931,'2022-04-07',NULL),
(1132,'CM858175',961896,'2022-04-08',NULL),
(1133,'CM855921',43323,'2022-04-09',NULL),
(1134,'CM850727',821,'2022-04-11',NULL),
(1135,'CM858126',485574,'2022-04-19',NULL),
(1136,'CM858077',490311,'2022-04-21',NULL),
(1137,'CM854108',482445,'2022-04-22',NULL),
(1138,'CM857930',443626,'2022-04-22',NULL),
(1139,'CM854990',499568,'2022-04-27',NULL),
(1140,'CM853226',75790,'2022-04-28',NULL),
(1141,'CM855284',679960,'2022-04-30',NULL),
(1142,'CM853667',292289,'2022-04-30',NULL),
(1143,'CM856999',101425,'2022-05-01',NULL),
(1144,'CM855333',86446,'2022-05-01',NULL),
(1145,'CM848424',404294,'2022-05-02',NULL),
(1146,'CM851707',323520,'2022-05-04',NULL),
(1147,'CM856411',657254,'2022-05-07',NULL),
(1148,'CM855823',31955,'2022-05-09',NULL),
(1149,'CM855186',34096,'2022-05-11',NULL),
(1150,'CM852099',89760,'2022-05-12',NULL),
(1151,'CM852589',240192,'2022-05-13',NULL),
(1152,'CM858959',562007,'2022-05-15',NULL),
(1153,'CM859204',19226,'2022-05-21',NULL),
(1154,'CM857783',81713,'2022-05-23',NULL),
(1155,'CM859253',491248,'2022-05-25',NULL),
(1156,'CM857195',122761,'2022-05-25',NULL),
(1157,'CM858714',56927,'2022-05-27',NULL),
(1158,'CM859008',293646,'2022-05-28',NULL),
(1159,'CM853275',58650,'2022-06-01',NULL),
(1160,'CM859449',339384,'2022-06-04',NULL),
(1161,'CM854010',72172,'2022-06-04',NULL),
(1162,'CM858224',410863,'2022-06-05',NULL),
(1163,'CM858812',309778,'2022-06-05',NULL),
(1164,'CM859106',203864,'2022-06-05',NULL),
(1165,'CM854794',64361,'2022-06-09',NULL),
(1166,'CM857734',25802,'2022-06-11',NULL),
(1167,'CM857832',752328,'2022-06-16',NULL),
(1168,'CM856901',244651,'2022-06-17',NULL),
(1169,'CM859400',247256,'2022-06-17',NULL),
(1170,'CM858763',71284,'2022-06-17',NULL),
(1171,'CM859596',308077,'2022-06-18',NULL),
(1172,'CM851462',107180,'2022-06-19',NULL),
(1173,'CM859939',87221,'2022-06-21',NULL),
(1174,'CM851854',33801,'2022-06-23',NULL),
(1175,'CM859694',818345,'2022-06-24',NULL),
(1176,'CM857538',45308,'2022-06-26',NULL),
(1177,'CM856803',255966,'2022-06-27',NULL),
(1178,'CM859988',10522,'2022-06-27',NULL),
(1179,'CM859743',25795,'2022-07-01',NULL),
(1180,'CM858861',374485,'2022-07-02',NULL),
(1181,'CM859841',45363,'2022-07-02',NULL),
(1182,'CM858469',54809,'2022-07-05',NULL),
(1183,'CM856362',839170,'2022-07-07',NULL),
(1184,'CM860282',355612,'2022-07-08',NULL),
(1185,'CM858567',56661,'2022-07-08',NULL),
(1186,'CM856607',569964,'2022-07-09',NULL),
(1187,'CM859890',433487,'2022-07-10',NULL),
(1188,'CM854843',240913,'2022-07-11',NULL),
(1189,'CM860233',483401,'2022-07-13',NULL),
(1190,'CM860380',49166,'2022-07-14',NULL),
(1191,'CM859302',68041,'2022-07-16',NULL),
(1192,'CM855529',7973,'2022-07-17',NULL),
(1193,'CM853716',65180,'2022-07-18',NULL),
(1194,'CM860674',93096,'2022-07-18',NULL),
(1195,'CM857391',349481,'2022-07-19',NULL),
(1196,'CM860870',911142,'2022-07-23',NULL),
(1197,'CM858273',672628,'2022-07-24',NULL),
(1198,'CM856950',194623,'2022-07-24',NULL),
(1199,'CM859645',368952,'2022-07-27',NULL),
(1200,'CM860331',343145,'2022-07-27',NULL),
(1201,'CM857440',321250,'2022-07-28',NULL),
(1202,'CM856166',128986,'2022-07-28',NULL),
(1203,'CM857097',97630,'2022-07-29',NULL);

INSERT INTO `declined_claims` VALUES
(11000,'CM845680','2014-06-06','Invalid claim'),
(11001,'CM845729','2014-06-11','Late claim'),
(11002,'CM845974','2015-03-28','Cause of loss not covered'),
(11003,'CM846170','2015-09-02','Late claim'),
(11004,'CM852246','2016-03-17','Fraud'),
(11005,'CM846317','2016-04-06','Cause of loss not covered'),
(11006,'CM846415','2016-04-21','Invalid claim'),
(11007,'CM846464','2016-06-04','Late claim'),
(11008,'CM846709','2016-08-17','Cause of loss not covered'),
(11009,'CM846954','2017-03-02','Invalid claim'),
(11010,'CM847052','2017-03-26','Cause of loss not covered'),
(11011,'CM847101','2017-05-30','Late claim'),
(11012,'CM847248','2017-08-13','Cause of loss not covered'),
(11013,'CM847297','2017-08-23','Invalid claim'),
(11014,'CM847395','2017-09-14','Policy not in force'),
(11015,'CM847885','2018-01-18','Cause of loss not covered'),
(11016,'CM847934','2018-03-01','Policy not in force'),
(11017,'CM848130','2018-04-09','Late claim'),
(11018,'CM848179','2018-04-15','Policy not in force'),
(11019,'CM848228','2018-04-30','Invalid claim'),
(11020,'CM848375','2018-05-24','Late claim'),
(11021,'CM848473','2018-07-01','Invalid claim'),
(11022,'CM848571','2018-07-26','Invalid claim'),
(11023,'CM848718','2018-08-04','Late claim'),
(11024,'CM848816','2018-08-21','Invalid claim'),
(11025,'CM849012','2018-10-29','Late claim'),
(11026,'CM849110','2018-11-15','Cause of loss not covered'),
(11027,'CM849306','2018-12-12','Cause of loss not covered'),
(11028,'CM849355','2018-12-16','Invalid claim'),
(11029,'CM849453','2018-12-24','Cause of loss not covered'),
(11030,'CM849502','2019-01-08','Policy not in force'),
(11031,'CM849551','2019-01-10','Late claim'),
(11032,'CM849649','2019-01-26','Policy not in force'),
(11033,'CM849796','2019-02-03','Cause of loss not covered'),
(11034,'CM849943','2019-03-26','Policy not in force'),
(11035,'CM850139','2019-05-06','Late claim'),
(11036,'CM850433','2019-07-27','Invalid claim'),
(11037,'CM850384','2019-08-01','Cause of loss not covered'),
(11038,'CM850580','2019-08-22','Cause of loss not covered'),
(11039,'CM851070','2019-12-12','Invalid claim'),
(11040,'CM851168','2019-12-25','Late claim'),
(11041,'CM851315','2020-02-18','Invalid claim'),
(11042,'CM851805','2020-04-02','Policy not in force'),
(11043,'CM846905','2020-04-06','Fraud'),
(11044,'CM851952','2020-04-20','Late claim'),
(11045,'CM852050','2020-05-11','Policy not in force'),
(11046,'CM852148','2020-05-25','Cause of loss not covered'),
(11047,'CM852197','2020-05-28','Invalid claim'),
(11048,'CM850776','2020-08-03','Fraud'),
(11049,'CM852442','2020-08-10','Invalid claim'),
(11050,'CM852638','2020-09-18','Late claim'),
(11051,'CM852785','2020-10-12','Invalid claim'),
(11052,'CM852883','2020-10-14','Late claim'),
(11053,'CM852981','2020-11-08','Invalid claim'),
(11054,'CM853422','2021-01-01','Late claim'),
(11055,'CM854549','2021-04-17','Fraud'),
(11056,'CM854157','2021-04-22','Cause of loss not covered'),
(11057,'CM854206','2021-04-27','Invalid claim'),
(11058,'CM854353','2021-05-04','Cause of loss not covered'),
(11059,'CM854304','2021-05-05','Invalid claim'),
(11060,'CM850629','2021-06-03','Fraud'),
(11061,'CM853765','2021-06-27','Fraud'),
(11062,'CM852393','2021-06-30','Fraud'),
(11063,'CM855088','2021-07-29','Invalid claim'),
(11064,'CM855676','2021-09-09','Invalid claim'),
(11065,'CM856019','2021-10-08','Cause of loss not covered'),
(11066,'CM856264','2021-11-03','Invalid claim'),
(11067,'CM856313','2021-11-03','Late claim'),
(11068,'CM856460','2021-11-08','Policy not in force'),
(11069,'CM856656','2021-12-20','Cause of loss not covered'),
(11070,'CM857146','2022-02-01','Cause of loss not covered'),
(11071,'CM857293','2022-02-05','Cause of loss not covered'),
(11072,'CM857489','2022-03-10','Fraud'),
(11073,'CM856754','2022-03-10','Invalid claim'),
(11074,'CM857685','2022-03-18','Cause of loss not covered'),
(11075,'CM857881','2022-03-19','Late claim'),
(11076,'CM853471','2022-04-02','Fraud'),
(11077,'CM858322','2022-04-09','Invalid claim'),
(11078,'CM856705','2022-04-12','Fraud'),
(11079,'CM858616','2022-04-28','Cause of loss not covered'),
(11080,'CM858665','2022-04-29','Cause of loss not covered'),
(11081,'CM858910','2022-05-11','Cause of loss not covered'),
(11082,'CM859057','2022-05-17','Late claim'),
(11083,'CM859155','2022-05-19','Invalid claim'),
(11084,'CM859547','2022-06-01','Cause of loss not covered'),
(11085,'CM859498','2022-06-01','Invalid claim'),
(11086,'CM859792','2022-06-08','Invalid claim'),
(11087,'CM860037','2022-06-18','Cause of loss not covered'),
(11088,'CM860086','2022-06-21','Invalid claim'),
(11089,'CM860135','2022-06-22','Late claim'),
(11090,'CM860184','2022-07-02','Invalid claim'),
(11091,'CM860478','2022-07-04','Late claim'),
(11092,'CM860527','2022-07-06','Cause of loss not covered'),
(11093,'CM860625','2022-07-11','Cause of loss not covered'),
(11094,'CM860968','2022-07-25','Cause of loss not covered'),
(11095,'CM860919','2022-07-25','Late claim');

INSERT INTO `claims_sequence` VALUES 
(861262);
